<application>
  <component name="GeneralSettings">
    <option name="reopenLastProject" value="false" />
    <option name="confirmExit" value="false" />
    <option name="confirmOpenNewProject2" value="-1" />
  </component>
  <component name="Registry">
    <entry key="moved.to.new.ui" value="true" source="SYSTEM" />
    <entry key="ide.experimental.ui" value="true" source="SYSTEM" />
    <entry key="find.in.files.split" value="false" source="SYSTEM" />
    <entry key="find.in.files.split.actions" value="false" source="SYSTEM" />
    <entry key="rider.codeVision.fitToContent.enabled" value="true" source="SYSTEM" />
    <entry key="rider.codeVision.zeroWidth.preload.enabled" value="true" source="SYSTEM" />
  </component>
  <component name="StatusBar">
    <option name="widgets">
      <map>
        <entry key="CodeStyleStatusBarWidget" value="false" />
        <entry key="DPA" value="false" />
        <entry key="Encoding" value="false" />
        <entry key="LineSeparator" value="false" />
        <entry key="com.jetbrains.rider.roslyn.RoslynStatusBarWidgetFactory" value="false" />
        <entry key="dotCoverIndicator" value="false" />
        <entry key="webDeployment.default.server.widget" value="false" />
      </map>
    </option>
  </component>
</application>