<application>
  <component name="ProjectManager">
    <defaultProject>
      <component name="Encoding" addBOMForNewFiles="with BOM under Windows, with no BOM otherwise" />
      <component name="PropertiesComponent">{
  &quot;keyToString&quot;: {
    &quot;settings.editor.selected.configurable&quot;: &quot;preferences.pluginManager&quot;
  }
}</component>
      <component name="WindowStateProjectService">
        <state x="1017" y="550" key="#com.intellij.ide.actions.ChooseComponentsToExportDialog" timestamp="1766919212922">
          <screen x="0" y="38" width="2560" height="1354" />
        </state>
        <state x="1017" y="550" key="#com.intellij.ide.actions.ChooseComponentsToExportDialog/0.38.2560.1354/-1440.-519.1440.2474" timestamp="1766919212922" />
        <state x="233" y="438" key="#com.intellij.openapi.updateSettings.impl.PluginUpdateInfoDialog" timestamp="1766950279289">
          <screen x="0" y="38" width="2560" height="1402" />
        </state>
        <state x="233" y="438" key="#com.intellij.openapi.updateSettings.impl.PluginUpdateInfoDialog/0.38.2560.1402/-1440.-519.1440.2522" timestamp="1766950279289" />
        <state x="781" y="356" key="SettingsEditor" timestamp="1766919302108">
          <screen x="0" y="38" width="2560" height="1354" />
        </state>
        <state x="781" y="356" key="SettingsEditor/0.38.2560.1354/-1440.-519.1440.2474" timestamp="1766919302108" />
      </component>
    </defaultProject>
  </component>
</application>