<application>
  <component name="ProjectManager">
    <defaultProject>
      <component name="Encoding" addBOMForNewFiles="with BOM under Windows, with no BOM otherwise" />
      <component name="WindowStateProjectService">
        <state x="233" y="438" key="#com.intellij.openapi.updateSettings.impl.PluginUpdateInfoDialog" timestamp="1763987636857">
          <screen x="0" y="38" width="2560" height="1402" />
        </state>
        <state x="233" y="438" key="#com.intellij.openapi.updateSettings.impl.PluginUpdateInfoDialog/0.38.2560.1402/-1440.-519.1440.2522" timestamp="1763987636857" />
      </component>
    </defaultProject>
  </component>
</application>