<application>
  <component name="DimensionService">
    <location key="find.popup.0.0.2560.1440" x="306" y="148" />
    <location key="find.popup.0.0.1920.1200" x="230" y="129" />
    <size key="find.popup.0.0.2560.1440" width="741" height="512" />
    <size key="GridCell.Tab.0.left.0.0.2560.1440" width="2509" height="647" />
    <size key="GridCell.Tab.0.center.0.0.2560.1440" width="2509" height="647" />
    <size key="GridCell.Tab.0.right.0.0.2560.1440" width="2509" height="647" />
    <size key="GridCell.Tab.0.bottom.0.0.2560.1440" width="2509" height="647" />
    <size key="GridCell.Tab.1.left.0.0.2560.1440" width="2509" height="647" />
    <size key="GridCell.Tab.1.center.0.0.2560.1440" width="2509" height="647" />
    <size key="GridCell.Tab.1.right.0.0.2560.1440" width="2509" height="647" />
    <size key="GridCell.Tab.1.bottom.0.0.2560.1440" width="2509" height="647" />
    <size key="GridCell.Tab.2.left.0.0.2560.1440" width="2509" height="647" />
    <size key="GridCell.Tab.2.center.0.0.2560.1440" width="2509" height="647" />
    <size key="GridCell.Tab.2.right.0.0.2560.1440" width="2509" height="647" />
    <size key="GridCell.Tab.2.bottom.0.0.2560.1440" width="2509" height="647" />
    <size key="GridCell.Tab.3.left.0.0.2560.1440" width="2509" height="647" />
    <size key="GridCell.Tab.3.center.0.0.2560.1440" width="2509" height="647" />
    <size key="GridCell.Tab.3.right.0.0.2560.1440" width="2509" height="647" />
    <size key="GridCell.Tab.3.bottom.0.0.2560.1440" width="2509" height="647" />
    <size key="GridCell.Tab.4.left.0.0.2560.1440" width="2509" height="647" />
    <size key="GridCell.Tab.4.center.0.0.2560.1440" width="2509" height="647" />
    <size key="GridCell.Tab.4.right.0.0.2560.1440" width="2509" height="647" />
    <size key="GridCell.Tab.4.bottom.0.0.2560.1440" width="2509" height="647" />
    <size key="GridCell.Tab.0.left.0.0.1920.1200" width="1836" height="346" />
    <size key="GridCell.Tab.0.center.0.0.1920.1200" width="1836" height="346" />
    <size key="GridCell.Tab.0.right.0.0.1920.1200" width="1836" height="346" />
    <size key="GridCell.Tab.0.bottom.0.0.1920.1200" width="1836" height="346" />
    <size key="GridCell.Tab.1.left.0.0.1920.1200" width="1836" height="346" />
    <size key="GridCell.Tab.1.center.0.0.1920.1200" width="1836" height="346" />
    <size key="GridCell.Tab.1.right.0.0.1920.1200" width="1836" height="346" />
    <size key="GridCell.Tab.1.bottom.0.0.1920.1200" width="1836" height="346" />
    <size key="GridCell.Tab.2.left.0.0.1920.1200" width="1836" height="346" />
    <size key="GridCell.Tab.2.center.0.0.1920.1200" width="1836" height="346" />
    <size key="GridCell.Tab.2.right.0.0.1920.1200" width="1836" height="346" />
    <size key="GridCell.Tab.2.bottom.0.0.1920.1200" width="1836" height="346" />
    <size key="GridCell.Tab.3.left.0.0.1920.1200" width="1836" height="346" />
    <size key="GridCell.Tab.3.center.0.0.1920.1200" width="1836" height="346" />
    <size key="GridCell.Tab.3.right.0.0.1920.1200" width="1836" height="346" />
    <size key="GridCell.Tab.3.bottom.0.0.1920.1200" width="1836" height="346" />
    <size key="GridCell.Tab.4.left.0.0.1920.1200" width="1836" height="346" />
    <size key="GridCell.Tab.4.center.0.0.1920.1200" width="1836" height="346" />
    <size key="GridCell.Tab.4.right.0.0.1920.1200" width="1836" height="346" />
    <size key="GridCell.Tab.4.bottom.0.0.1920.1200" width="1836" height="346" />
    <size key="find.popup.0.0.1920.1200" width="1163" height="512" />
  </component>
  <component name="WindowManager">
    <frame x="1" y="46" width="2558" height="1345" />
  </component>
  <component name="WindowStateApplicationService">
    <state width="427" height="119" key="ShowUsagesActions.dimensionServiceKey" timestamp="1764678004211">
      <screen x="0" y="38" width="2560" height="1402" />
    </state>
    <state width="427" height="119" key="ShowUsagesActions.dimensionServiceKey/0.38.2560.1402/-1440.-519.1440.2522" timestamp="1764678004211" />
    <state x="1280" y="719" width="2558" height="1346" key="WELCOME_SCREEN" timestamp="1766487507368">
      <screen x="0" y="38" width="2560" height="1354" />
    </state>
    <state x="641" y="723" width="1280" height="1431" key="WELCOME_SCREEN/0.0.2560.1440/-1440.-557.1440.2560" timestamp="1763987625560" />
    <state x="1280" y="719" width="2558" height="1346" key="WELCOME_SCREEN/0.38.2560.1354/-1440.-519.1440.2474" timestamp="1766487507368" />
    <state x="1280" y="742" width="2558" height="1393" key="WELCOME_SCREEN/0.38.2560.1402/-1440.-519.1440.2522" timestamp="1765190475014" />
    <state x="641" y="742" width="1280" height="1393" key="WELCOME_SCREEN/0.38.2560.1402/-1440.-557.1440.2560" timestamp="1763987630336" />
  </component>
</application>